A,B,C,D,E,F,G,SpecificSE,Step_1__History_Max__ALLSE,Step_1__History_Max__MASS,Design Feasibility,Objective and Penalty
1,0.719781949,2.393628147,0.449238879,2.541805381,0.138466289,0.149486549,0.170810263,339282162.6,4.50336,1.32732E-08,9,-339282162.6
2,0.542128033,1.761113667,0.31252456,2.218745174,0.215058527,0.276831143,0.158605474,392649841.1,9.65043,2.45777E-08,9,-392649841.1
3,1.243611032,1.772771802,0.076062434,2.462492444,0.19152666,0.129356496,0.132083497,383693013.8,7.54022,1.96517E-08,7,-383693013.8
4,1.051441661,2.533371701,0.101740787,3.740996254,0.236368707,0.279108466,0.236784835,353354979.2,9.54433,2.70106E-08,7,-353354979.2
5,0.425546759,2.285714558,0.132488299,3.513934595,0.170608249,0.110425726,0.151515209,337543381.7,5.2034,1.54155E-08,7,-337543381.7
6,0.217532795,2.711056151,0.360053363,3.943349601,0.13172266,0.122381648,0.218155105,290085068.9,4.15338,1.43178E-08,7,-290085068.9
7,0.682447159,1.558370089,0.258083296,3.115793022,0.172397682,0.287920386,0.283003252,365445564.1,10.5275,2.88073E-08,7,-365445564.1
8,1.252051913,2.664666798,0.20265332,4.009739459,0.225780184,0.245139137,0.296492145,352260516.3,8.87073,2.51823E-08,7,-352260516.3
9,1.110395033,2.30380008,0.222547975,2.701308204,0.164197965,0.255461126,0.109462695,352988722.6,6.58564,1.86568E-08,7,-352988722.6
10,1.492023582,2.750050459,0.49103672,3.445147505,0.261820399,0.261794088,0.181191598,350129054.6,9.21074,2.63067E-08,7,-350129054.6
11,0.603818956,2.605704714,0.163351893,4.105839198,0.265985901,0.15317337,0.119202848,353617190.6,6.92973,1.95967E-08,7,-353617190.6
12,0.778689138,2.232876594,0.090637586,2.131458284,0.253574275,0.223265622,0.212821907,363558877.5,8.38574,2.30657E-08,7,-363558877.5
13,0.274022158,2.820844257,0.06339272,2.935481107,0.283107654,0.106825113,0.100830897,336906018.5,7.08574,2.10318E-08,7,-336906018.5
14,1.431316822,1.860856042,0.37985371,3.236722669,0.288126694,0.116728138,0.22255278,378501551.6,9.75777,2.578E-08,7,-378501551.6
15,0.379339326,2.872967074,0.149427315,3.547626815,0.108262883,0.183165089,0.126645187,279590532,3.54244,1.26701E-08,7,-279590532
16,0.111303017,1.674440564,0.428076641,2.332196175,0.245814711,0.19514804,0.248874725,393936547.9,10.486,2.66185E-08,9,-393936547.9
17,1.005686667,2.937666867,0.413025183,2.833186378,0.118115585,0.208994226,0.136599661,302550638.5,2.90625,9.60583E-09,7,-302550638.5
18,0.556909052,2.186013415,0.272737313,2.557702961,0.206312631,0.299296998,0.205962101,364337930.5,8.26333,2.26804E-08,7,-364337930.5
19,1.320132919,1.912763287,0.35308583,2.895452698,0.232862357,0.200907138,0.143858633,387570914.7,9.93321,2.56294E-08,7,-387570914.7
20,0.987706553,2.952148908,0.2986157,3.219183981,0.10365987,0.215860244,0.233730193,293846986.6,3.41985,1.16382E-08,7,-293846986.6
21,1.399871924,1.940619195,0.455256528,3.856754903,0.122651166,0.136993139,0.26885739,327603957.1,6.35152,1.93878E-08,7,-327603957.1
22,1.167991772,2.096307371,0.331690944,3.671532077,0.194202589,0.174149096,0.186581315,360843066.6,8.14679,2.25771E-08,7,-360843066.6
23,0.191950485,1.612560873,0.474560932,2.262235775,0.14666621,0.188001421,0.196779537,373000587.2,6.98742,1.8733E-08,7,-373000587.2
24,0.893282279,2.491652339,0.192639304,4.172741355,0.179085139,0.162326308,0.286937525,344181301,6.59503,1.91615E-08,7,-344181301
25,0.804708492,2.008790298,0.288492707,3.803900727,0.214132969,0.234618709,0.276788628,366301864.4,10.3892,2.83624E-08,7,-366301864.4
26,0.313468653,2.059856464,0.228481201,2.629001102,0.152459103,0.170430895,0.255558327,352362273.3,5.86581,1.66471E-08,7,-352362273.3
27,0.909586732,2.425082425,0.400323961,3.051659583,0.294312112,0.239897402,0.172753136,367879959.6,10.1231,2.75174E-08,7,-367879959.6
28,0.480835699,1.522393697,0.129703616,3.330005762,0.274740368,0.270614388,0.258231238,414068589.8,13.8643,3.34831E-08,9,-414068589.8
29,0.480835699,1.522393697,0.405559605,3.330005762,0.274740368,0.270614388,0.258231238,406952585.9,14.2597,3.50402E-08,7,-406952585.9
30,1.419821964,1.940619195,0.179102705,3.856754903,0.122651166,0.136993139,0.26885739,348982299.6,6.02326,1.72595E-08,7,-348982299.6
31,0.900141589,2.491652339,0.192639304,2.386322872,0.178892074,0.163328081,0.286937525,336566023.3,5.28375,1.5699E-08,7,-336566023.3
32,0.121625061,1.674440564,0.455020799,4.087116064,0.246007736,0.194146267,0.248874725,388488553.6,11.5209,2.96557E-08,7,-388488553.6
33,1.308085254,1.912763287,0.352986352,3.914397338,0.137503876,0.200907138,0.143858633,325126040,8.13202,2.50119E-08,7,-325126040
34,0.231483022,2.711056151,0.36015284,2.924124561,0.227090573,0.122381648,0.218155105,333928718.2,6.0947,1.82515E-08,7,-333928718.2
35,0.192254293,1.61151182,0.474560932,2.262235775,0.148289049,0.183552514,0.196779537,374015831.9,7.0211,1.87722E-08,7,-374015831.9
36,0.556698571,2.186013415,0.272737313,2.557702961,0.204689832,0.298692358,0.205962101,363986680.6,8.20921,2.25536E-08,7,-363986680.6
37,1.447644057,2.976031841,0.2986157,3.239686389,0.10365987,0.215860244,0.229335633,295145087,3.52843,1.19549E-08,7,-295145087
38,0.969354707,1.904745329,0.37985371,3.216220261,0.288126694,0.116728138,0.22255278,373547944.7,9.53257,2.5519E-08,7,-373547944.7
39,0.416377988,2.923196939,0.149427315,3.475494358,0.117648641,0.212375499,0.135823387,283435806.6,3.80779,1.34344E-08,7,-283435806.6
40,0.968658922,2.939392385,0.413025183,2.827774392,0.108729832,0.179783817,0.127421461,299318579.9,2.60743,8.71122E-09,7,-299318579.9
41,1.243611032,1.772771802,0.080549759,4.182658313,0.195808613,0.160855391,0.122407634,398033501.3,8.98688,2.25782E-08,7,-398033501.3
42,0.939098233,2.491652339,0.188194132,2.359197481,0.178075018,0.130827423,0.293444335,337252905.6,5.26671,1.56165E-08,7,-337252905.6
43,0.761773631,2.232876594,0.090637586,2.187711129,0.244872778,0.224154943,0.230619636,361984079.9,8.10819,2.23993E-08,7,-361984079.9
44,0.497751212,1.522393697,0.129703616,3.347614845,0.274740368,0.24518154,0.254214382,414154178.9,13.1747,3.18111E-08,9,-414154178.9
45,1.103979498,2.059856464,0.228561347,2.626360753,0.152459103,0.170430895,0.255558327,364946120.9,6.17737,1.69268E-08,7,-364946120.9
46,0.320033694,2.30380008,0.22246783,2.703948554,0.164197965,0.255461126,0.109462695,341027046.9,6.21989,1.82387E-08,7,-341027046.9
47,1.485159534,1.860856042,0.381181223,3.236722669,0.289025069,0.227575779,0.22255278,400844003,12.5667,3.13506E-08,7,-400844003
48,0.909586732,2.425082425,0.392540529,3.051659583,0.282366058,0.123343638,0.172753136,359296900.7,8.63315,2.40279E-08,7,-359296900.7
49,0.804708492,2.028079665,0.301932324,3.803900727,0.214132969,0.234618709,0.276788628,364640064.9,10.3308,2.83315E-08,7,-364640064.9
50,1.051441661,2.524603305,0.084514779,3.740996254,0.237505797,0.280090025,0.236784835,354083643,9.61546,2.71559E-08,7,-354083643
51,1.32927024,2.373630162,0.361207245,2.525633211,0.232862357,0.200193601,0.146986079,353317054.4,7.63981,2.16231E-08,7,-353317054.4
52,0.710500772,1.932761432,0.441116808,2.911624907,0.138466289,0.149486549,0.159422387,349303388.4,6.14505,1.75923E-08,7,-349303388.4
53,0.365638959,2.877996092,0.149427315,2.839761141,0.108262883,0.202369336,0.126645187,305423776.4,2.76385,9.04923E-09,7,-305423776.4
54,1.02771859,2.93263784,0.413025183,3.541051954,0.118115585,0.182596997,0.136599661,285168148.4,4.1474,1.45437E-08,7,-285168148.4
55,0.425546759,2.288632268,0.132488299,3.208348725,0.170608249,0.111503936,0.140958353,338741175.2,5.27315,1.55669E-08,7,-338741175.2
56,0.987706553,2.945607575,0.2986157,3.524769851,0.10365987,0.215117109,0.233638655,272921662.4,3.84694,1.40954E-08,7,-272921662.4
57,0.480835699,1.663424185,0.092012573,2.254423388,0.243885748,0.270614388,0.258231238,402384261.9,10.7977,2.68343E-08,7,-402384261.9
58,0.761773631,2.232876594,0.403266193,3.268346939,0.271525586,0.224154943,0.251694998,367155661.3,10.1263,2.75804E-08,7,-367155661.3
59,1.105402903,2.232165773,0.132488299,3.513934595,0.170608249,0.110425726,0.147589619,349337821.8,5.51035,1.57737E-08,7,-349337821.8
60,0.430545145,2.303613873,0.222547975,2.701308204,0.164197965,0.255461126,0.111448946,343201113,6.26596,1.82574E-08,7,-343201113
61,1.208035786,1.772771802,0.057713334,2.827392444,0.191258067,0.129356496,0.132083497,382781568.9,7.47159,1.95192E-08,7,-382781568.9
62,1.004234125,2.939392385,0.446260661,2.462874441,0.109232841,0.179783817,0.127421461,302743818.1,2.58232,8.52972E-09,7,-302743818.1
63,0.916841444,2.673390564,0.185725697,2.359197481,0.178075018,0.130827423,0.256796356,328696005.4,4.85484,1.477E-08,7,-328696005.4
64,0.335768517,2.059856464,0.230949636,2.629001102,0.152459103,0.170430895,0.29358605,352830437.7,5.88126,1.66688E-08,7,-352830437.7
65,0.364802037,2.957265702,0.150056595,2.839761141,0.252798181,0.202369336,0.258542502,327553606.5,5.94536,1.81508E-08,7,-327553606.5
66,0.523493929,1.508063394,0.129074335,3.347614845,0.110785994,0.24518154,0.122496851,313019720.9,7.53307,2.40658E-08,7,-313019720.9
67,1.12583477,2.051128307,0.228561347,2.626360753,0.152459103,0.170430895,0.255558327,365671299,6.20983,1.6982E-08,7,-365671299
68,0.497751212,1.522393697,0.129703616,3.347614845,0.274740368,0.24518154,0.254214382,414154178.9,13.1747,3.18111E-08,8,-414154178.9
69,0.553352903,2.186013415,0.272737313,2.345962401,0.206312631,0.299296998,0.200922292,368145377.1,7.77431,2.11175E-08,7,-368145377.1
70,0.942654396,2.491652339,0.174396185,2.570938067,0.178075018,0.130827423,0.296426326,337918236.8,5.32647,1.57626E-08,7,-337918236.8
71,0.544263452,1.522393697,0.414175354,3.331258952,0.282722977,0.202557717,0.122848924,406039965.7,12.6021,3.10366E-08,7,-406039965.7
72,0.365638959,2.877996092,0.140802003,2.838507952,0.104518458,0.270424346,0.262196865,303082988.9,2.92339,9.64551E-09,7,-303082988.9
73,0.950544363,2.937666867,0.139861866,2.874655486,0.118115585,0.208994226,0.136599661,305239168.3,2.97201,9.73666E-09,7,-305239168.3
74,0.425546759,2.155989198,0.405658979,3.513934595,0.170608249,0.110425726,0.151515209,335756969.8,5.87709,1.7504E-08,7,-335756969.8
75,1.232125894,2.937850842,0.076062434,2.468144531,0.200411419,0.128022746,0.136262025,322020056.6,4.87767,1.51471E-08,7,-322020056.6
76,1.01717179,1.761460156,0.413025183,2.827534346,0.118115585,0.210336045,0.132421133,340110214.7,6.50505,1.91263E-08,7,-340110214.7
77,0.987706553,1.901041364,0.2986157,3.219183981,0.10365987,0.227427524,0.233730193,309708042.5,6.27038,2.02461E-08,7,-309708042.5
78,1.485159534,2.901991886,0.381181223,3.236722669,0.277909467,0.212692839,0.22255278,346142688.9,7.73217,2.23381E-08,7,-346142688.9
79,0.987706553,2.966367985,0.2986157,3.213860911,0.10365987,0.215860244,0.233730193,294380812.3,3.36177,1.14198E-08,7,-294380812.3
80,0.480835699,1.521137728,0.129703616,3.335328831,0.274740368,0.270614388,0.258231238,414325830.1,13.8841,3.35101E-08,9,-414325830.1
81,0.482574375,1.522393697,0.129703616,3.432473302,0.276057488,0.269267944,0.249788484,414726596.5,14.0268,3.38218E-08,9,-414726596.5
82,0.111303017,1.674440564,0.423611336,2.235360847,0.244497546,0.196491552,0.257317479,396334665.6,10.4519,2.63714E-08,7,-396334665.6
83,0.968658922,2.928220455,0.413025183,2.827774392,0.286244924,0.179783817,0.127421461,336073720.3,6.9658,2.0727E-08,7,-336073720.3
84,1.485159534,1.863971028,0.374375056,3.260099982,0.111884009,0.227575779,0.22255278,316638164,7.01724,2.21617E-08,7,-316638164
85,1.025414617,2.984440539,0.4123562,2.827774392,0.110086404,0.179783817,0.127421461,297611317.8,2.55763,8.59386E-09,7,-297611317.8
86,1.243611032,1.772771802,0.094378128,2.34802871,0.19152666,0.131701417,0.121759242,384620528.6,7.59214,1.97393E-08,7,-384620528.6
87,0.480835699,1.522389245,0.129703616,3.475405878,0.274740368,0.270614388,0.258231238,415049599.2,14.1253,3.40328E-08,9,-415049599.2
88,0.482574375,1.521142181,0.129703616,3.432023355,0.276057488,0.269267944,0.249788484,414895661.2,14.0348,3.38273E-08,7,-414895661.2
89,1.105402903,2.232165773,0.142036143,3.527833729,0.167958919,0.106555064,0.163189432,348077072.3,5.38155,1.54608E-08,7,-348077072.3
90,0.480835699,1.522393697,0.10147366,3.316106628,0.277312174,0.277361562,0.242629669,414376396.1,14.0612,3.39334E-08,7,-414376396.1
91,1.00577527,2.841214609,0.446260661,2.462305419,0.122085536,0.179783817,0.127421461,309917325.9,3.04504,9.82533E-09,7,-309917325.9
92,0.495206254,1.521143777,0.129703616,3.347614845,0.262800891,0.24518154,0.254214382,411257252.9,12.8573,3.12634E-08,7,-411257252.9
93,1.243611032,1.774842063,0.092134492,4.182658313,0.195808613,0.160855391,0.122407634,397307785.9,8.97856,2.25985E-08,7,-397307785.9
94,0.480835699,1.661353925,0.08042784,2.177384332,0.240083514,0.270614388,0.258231238,402573438.5,10.5812,2.62839E-08,7,-402573438.5
95,0.56243316,1.522393697,0.129703616,3.330005762,0.274740368,0.264375425,0.258231238,415432365.5,13.7462,3.30889E-08,9,-415432365.5
96,0.721412293,2.33463145,0.449238879,2.541805381,0.138466289,0.155697028,0.157780996,345236218.5,4.77403,1.38283E-08,7,-345236218.5
97,0.939904734,2.907863292,0.446260661,2.462874441,0.138609253,0.13920643,0.127421461,310831696.4,3.35462,1.07924E-08,7,-310831696.4
98,0.719781949,2.423911564,0.439130262,2.541805381,0.105987393,0.179457632,0.159068405,333337350.2,3.59601,1.07879E-08,7,-333337350.2
99,0.369891659,1.830898264,0.146735922,4.182658313,0.102887876,0.202375102,0.130690406,246699511,6.11911,2.48039E-08,7,-246699511
100,1.239341316,2.817571133,0.083242488,2.839761141,0.204342373,0.160849625,0.126645187,328021927.2,5.31963,1.62173E-08,7,-328021927.2
101,1.485159534,1.860856042,0.381181223,3.321336293,0.289025069,0.227575779,0.22255278,400345563.6,12.6048,3.14848E-08,7,-400345563.6
102,0.365638959,2.877996092,0.149427315,2.839761141,0.108262883,0.202369336,0.126645187,305423776.4,2.76385,9.04923E-09,7,-305423776.4
103,0.565008378,2.196141956,0.280261331,2.345962401,0.206874803,0.272941025,0.200922292,366816896.8,7.57741,2.06572E-08,7,-366816896.8
104,0.384621177,1.803051466,0.084739577,2.254423388,0.243323576,0.279750135,0.258231238,392708457.5,10.2158,2.60137E-08,7,-392708457.5
105,0.542128033,1.761113667,0.31252456,2.218745174,0.215058527,0.276831143,0.173490949,392703675.8,9.65246,2.45795E-08,7,-392703675.8
106,0.482574375,1.522393697,0.125340744,3.432473302,0.280841939,0.269267944,0.257027184,416181758.8,14.1543,3.40099E-08,9,-416181758.8
107,0.950544363,1.704494123,0.433292315,2.874655486,0.118115585,0.209082414,0.138247564,338474361.6,6.68013,1.9736E-08,7,-338474361.6
108,0.111303017,2.898889448,0.130088956,2.235360847,0.244497546,0.196403364,0.256711827,326570571.6,5.87925,1.8003E-08,7,-326570571.6
109,0.133880557,2.673390564,0.175411499,2.3642836,0.246532761,0.195336709,0.256796356,336182210.2,6.61183,1.96674E-08,7,-336182210.2
110,0.919824955,1.674440564,0.433831235,2.230274761,0.176039717,0.131983255,0.249955683,392403931.2,7.76587,1.97905E-08,7,-392403931.2
111,0.935294873,2.695309946,0.185725697,3.241554904,0.167144849,0.149457886,0.285108257,327976447.6,4.93516,1.50473E-08,7,-327976447.6
112,1.45870512,1.838906675,0.381181223,2.354518309,0.296121172,0.208951232,0.22255278,408690441.7,12.4134,3.03736E-08,7,-408690441.7
113,0.572724562,1.838906675,0.14040236,3.559290494,0.296121172,0.270150326,0.254278994,400031950.7,13.2715,3.31761E-08,7,-400031950.7
114,1.358655331,1.609128093,0.370502641,2.274414186,0.274740368,0.209414419,0.225088778,419541972.4,12.4536,2.96838E-08,9,-419541972.4
115,0.799346156,2.393628147,0.449238879,2.84057317,0.140530349,0.149486549,0.170810263,339417149.9,5.19797,1.53144E-08,7,-339417149.9
116,1.298358876,1.772771802,0.057713334,2.528624661,0.189194063,0.117603225,0.132083497,380430201.7,7.29376,1.91724E-08,7,-380430201.7
117,0.335768517,2.059856464,0.230949636,2.629001102,0.152459103,0.170430895,0.29358605,352830437.7,5.88126,1.66688E-08,7,-352830437.7
118,1.103979498,2.059856464,0.228561347,2.626360753,0.152459103,0.170430895,0.255558327,364946120.9,6.17737,1.69268E-08,7,-364946120.9
119,0.293174097,1.687556217,0.481786084,2.230274761,0.176039717,0.123587002,0.249955683,385579473,7.57521,1.96463E-08,7,-385579473
120,0.994041013,1.61151182,0.426596733,2.262235775,0.148289049,0.191958237,0.196779537,384031155.6,7.28726,1.89757E-08,7,-384031155.6
121,0.473976137,1.661353925,0.149627316,2.190404039,0.240266907,0.270614388,0.294875083,402441421,10.6486,2.646E-08,7,-402441421
122,0.372498522,2.877996092,0.080229539,2.839761141,0.108957565,0.202369336,0.120373057,305600102,2.78031,9.09787E-09,7,-305600102
123,0.57407686,1.522393697,0.129703616,3.474529635,0.274740368,0.264565445,0.258231238,416910393,14.0124,3.36101E-08,7,-416910393
124,0.469191998,1.522389245,0.129703616,3.330882005,0.274740368,0.270424369,0.258231238,413519456.9,13.84,3.34688E-08,7,-413519456.9
125,0.731311912,1.587600696,0.46520654,2.541805381,0.138466289,0.149486549,0.179201137,372409031.9,6.71595,1.80338E-08,7,-372409031.9
126,0.471044416,2.340039776,0.107971165,3.432473302,0.280841939,0.269267944,0.249634658,362868339.9,10.1667,2.80176E-08,7,-362868339.9
127,0.180725591,1.838906675,0.381181223,2.354518309,0.296121172,0.208951232,0.22255278,395783061.6,11.7601,2.97135E-08,7,-395783061.6
128,1.479414884,1.76037357,0.230949636,2.629001102,0.152459103,0.170430895,0.29358605,384170487.4,7.13055,1.85609E-08,7,-384170487.4
129,1.00577527,2.841214609,0.446260661,2.796174904,0.122085536,0.242493865,0.254714797,313034666.4,3.39796,1.08549E-08,7,-313034666.4
130,0.495206254,1.521143777,0.129703616,3.347614845,0.285597393,0.179710401,0.126977907,408388183.6,11.4909,2.81372E-08,7,-408388183.6
131,0.995171545,2.336256176,0.449238879,2.545318022,0.140112588,0.155697028,0.157780996,346539441.8,4.90835,1.41639E-08,7,-346539441.8
132,0.730474873,2.943155732,0.446260661,2.4593618,0.10928805,0.179783817,0.127421461,301551718.8,2.55316,8.46674E-09,7,-301551718.8
133,0.919824955,1.674440564,0.433831235,2.264590922,0.141910822,0.188302004,0.249955683,379172402.4,6.85866,1.80885E-08,7,-379172402.4
134,0.220911428,1.612560873,0.474560932,2.22782701,0.173596071,0.131683041,0.196779537,385889929.7,7.64556,1.98128E-08,7,-385889929.7
135,0.480835699,1.799228944,0.117868815,2.200555884,0.240083514,0.269305445,0.258231238,394518269.2,10.0556,2.54883E-08,7,-394518269.2
136,0.482574375,1.522393697,0.087899824,3.432473302,0.280841939,0.270576887,0.257027184,416765646.7,14.1757,3.40136E-08,7,-416765646.7
137,1.058075935,2.939392385,0.446260661,2.462874441,0.120646158,0.179783817,0.127794315,305839633,2.87125,9.38809E-09,7,-305839633
138,0.508591781,1.522393697,0.129703616,3.330005762,0.264259074,0.275689636,0.257908611,411085443.4,13.7201,3.33753E-08,7,-411085443.4
139,1.00577527,2.825430449,0.445991413,2.462017904,0.122085536,0.17976511,0.15736152,310550689.9,3.06857,9.88106E-09,7,-310550689.9
140,0.719781949,2.439678359,0.43939951,2.542092897,0.105987393,0.1759595,0.129128357,332027966.8,3.52368,1.06126E-08,7,-332027966.8
141,0.480835699,1.657636111,0.080550884,4.147330569,0.254017359,0.23557807,0.120893879,417809147.2,13.2598,3.17365E-08,7,-417809147.2
142,1.243611032,1.776489619,0.080426715,2.205888589,0.195808613,0.160855391,0.247149016,389215127.7,7.99335,2.05371E-08,7,-389215127.7
143,0.757267983,2.943155732,0.446260661,2.4593618,0.10928805,0.179783817,0.128777821,301682374.5,2.55566,8.47136E-09,7,-301682374.5
144,0.746500699,1.587600696,0.46520654,2.541805381,0.138466289,0.149486549,0.179201137,372617509.9,6.72161,1.80389E-08,7,-372617509.9
145,1.062804408,2.939392385,0.454200316,2.462874441,0.120646158,0.134330298,0.127794315,306101126.3,2.87406,9.38925E-09,7,-306101126.3
146,0.915096482,1.674440564,0.433831235,2.230274761,0.171206606,0.17743686,0.249955683,391289076.2,7.9094,2.02137E-08,7,-391289076.2
147,1.277016688,1.609128093,0.370502641,2.33243302,0.105196405,0.209414419,0.225088778,354908248,5.71129,1.60923E-08,7,-354908248
148,0.801227611,2.423911564,0.439130262,2.861690503,0.278682463,0.179457632,0.159068405,366152165.8,9.18522,2.50858E-08,7,-366152165.8
149,1.105402903,2.232165773,0.129765527,3.539337944,0.164393524,0.10188772,0.144693782,347213211,5.20174,1.49814E-08,7,-347213211
150,0.495206254,1.521143777,0.132426388,3.394501095,0.285597393,0.179710401,0.126977907,408872044,11.4891,2.80995E-08,7,-408872044
151,0.719781949,2.393628147,0.467018336,2.493144855,0.151997914,0.149694131,0.169806013,338342767.1,4.78799,1.41513E-08,7,-338342767.1
152,1.12583477,2.051128307,0.228561347,2.8463322,0.138927477,0.170223314,0.256561468,357710433.7,5.94318,1.66145E-08,7,-357710433.7
153,0.355497225,2.012531247,0.228884616,2.626477959,0.152459103,0.170430895,0.285057238,355395521.5,6.00096,1.68853E-08,7,-355395521.5
154,1.147450136,2.051128307,0.243040423,2.628883895,0.152459103,0.170430895,0.264067441,365813769.5,6.2406,1.70595E-08,7,-365813769.5
155,0.71052535,2.330421833,0.220170203,3.510763695,0.167958919,0.179221128,0.162606468,336058518.9,6.41119,1.90776E-08,7,-336058518.9
156,1.114659403,2.257109633,0.425434041,2.559180148,0.105987393,0.104254693,0.129711335,347120938,3.99078,1.14968E-08,7,-347120938
157,0.719781949,2.30675836,0.439130262,2.542102043,0.105987393,0.178951037,0.159068405,340153247.7,4.03085,1.18501E-08,7,-340153247.7
158,0.719781949,2.439678359,0.43939951,2.541796235,0.105987393,0.176466095,0.129128357,332023773.6,3.52503,1.06168E-08,7,-332023773.6
159,0.365638959,2.878089983,0.149775708,2.83955803,0.108262883,0.201451479,0.126666429,305420435.9,2.76079,9.03931E-09,7,-305420435.9
160,1.027848314,2.841120718,0.445709629,2.459415533,0.122085536,0.180701675,0.127400219,309950335.3,3.04741,9.83193E-09,7,-309950335.3
161,0.730474873,2.958545132,0.446260661,2.645145727,0.104686326,0.180574884,0.127421461,299495795.4,2.42113,8.08402E-09,7,-299495795.4
162,0.731311912,1.587600696,0.46520654,2.541805381,0.143230149,0.148695482,0.179201137,374621873.4,6.88806,1.83867E-08,7,-374621873.4
163,0.288906484,1.687556217,0.158315582,2.220566295,0.176039717,0.127956101,0.249037258,378710075.6,6.99451,1.84693E-08,7,-378710075.6
164,0.505629878,1.521143777,0.450817922,3.361328269,0.274236384,0.175342613,0.12794296,399337553.7,11.6827,2.92552E-08,7,-399337553.7
165,0.767512927,2.317740282,0.449238879,2.541805381,0.149522923,0.145784654,0.168619846,348308350.9,5.14232,1.47637E-08,7,-348308350.9
166,1.344710916,1.685996901,0.38148001,2.274414186,0.263621196,0.212769163,0.227279197,414399361.1,11.8299,2.85471E-08,7,-414399361.1
167,0.480835699,1.665739991,0.08042784,2.187960716,0.241897917,0.270614388,0.258231238,402642798.5,10.6435,2.64341E-08,7,-402642798.5
168,1.243611032,1.768385738,0.080549759,4.146694606,0.193994207,0.160855391,0.122407634,396187086.5,8.91623,2.25051E-08,7,-396187086.5
169,1.114659403,2.184124522,0.446409437,2.459924473,0.105987393,0.17469268,0.129711335,254678513.5,5.591181455,6.0688E-09,7,-243408459.6
170,1.004234125,2.981974162,0.425285264,2.562130116,0.109232841,0.109840592,0.127421461,301131340.9,2.52757,8.39358E-09,7,-301131340.9
171,0.468844066,1.653484263,0.080593151,2.208130557,0.240083514,0.270614388,0.258231238,402410969.7,10.6354,2.64292E-08,7,-402410969.7
172,1.117395439,2.240200236,0.132323223,3.513934595,0.170608249,0.110425726,0.147589619,349152058.1,5.49911,1.57499E-08,7,-349152058.1
173,0.730474873,2.958545132,0.446260661,2.645145727,0.106896015,0.180574884,0.127421461,300264608,2.47603,8.24616E-09,7,-300264608
174,1.243611032,1.772771802,0.080549759,4.182658313,0.195808613,0.160855391,0.122407634,398033501.3,8.98688,2.25782E-08,7,-398033501.3
175,0.293174097,1.755940718,0.481786084,2.462748259,0.16845117,0.123587002,0.249955683,372442263.2,7.11834,1.91126E-08,7,-372442263.2
176,1.089224155,2.825430449,0.446923435,2.446406331,0.129675307,0.17976511,0.15736152,312471746.2,3.27636,1.04853E-08,7,-312471746.2
177,0.689268865,2.300658919,0.447427184,2.539360586,0.148463257,0.145400521,0.168619846,349129427.4,5.15329,1.47604E-08,7,-349129427.4
178,0.293174097,1.500887244,0.483596635,2.232728262,0.177099384,0.123971137,0.249955683,390648371.7,7.96032,2.03772E-08,7,-390648371.7
179,1.280969991,1.764679261,0.095181397,4.07789606,0.176039717,0.133840252,0.242539012,388440985.3,7.5161,1.93494E-08,7,-388440985.3
180,0.882461068,1.732820569,0.420311379,2.283479508,0.200320704,0.158998395,0.119224998,393608375.4,8.68859,2.20742E-08,7,-393608375.4
181,0.491050611,1.655913793,0.370502641,2.273210158,0.278696265,0.209414419,0.225088778,407479413.7,11.9257,2.9267E-08,7,-407479413.7
182,1.394830467,1.647998072,0.08042784,2.178588419,0.242696217,0.270614388,0.258231238,414373554,11.3015,2.72737E-08,7,-414373554
183,0.696711235,2.958545132,0.449166832,2.64892402,0.154914577,0.180574884,0.127421461,311438157.4,3.63875,1.16837E-08,7,-311438157.4
184,0.865367577,2.317740282,0.446332707,2.538027089,0.10128628,0.145784654,0.168619846,340173064.4,3.72282,1.09439E-08,7,-340173064.4
185,1.292012665,1.521143777,0.369297741,3.524559429,0.263084143,0.180074137,0.126977907,410205247.1,11.7797,2.87166E-08,7,-410205247.1
186,0.547362727,1.649969174,0.144624528,2.274414186,0.286134322,0.212405426,0.227279197,407131805.3,11.8672,2.91483E-08,7,-407131805.3
187,1.114659403,2.257109633,0.439014425,2.541870134,0.105987393,0.103351851,0.129711335,346897567.1,3.95824,1.14104E-08,7,-346897567.1
188,0.719781949,2.446857578,0.425549878,2.559115396,0.105987393,0.181578652,0.159068405,331868172.8,3.56068,1.07292E-08,7,-331868172.8
189,0.919824955,1.720044541,0.433831235,2.212073363,0.175212919,0.131983255,0.250463503,391025312.6,7.63125,1.9516E-08,7,-391025312.6
190,0.919824955,1.674440564,0.433831235,2.230976536,0.142737622,0.188302004,0.249955683,380860633.7,6.86726,1.80309E-08,7,-380860633.7
191,1.134017267,2.180815825,0.219143809,2.849414545,0.112519334,0.170223314,0.26220668,340785794.4,4.80174,1.40902E-08,7,-340785794.4
192,1.211995849,2.915418286,0.4554228,2.459792199,0.138524209,0.179783817,0.121989838,311162962.3,3.37394,1.0843E-08,7,-311162962.3
193,0.505874306,1.68954747,0.443886993,2.187960716,0.118234603,0.270339841,0.258231238,354510046.9,6.18028,1.74333E-08,7,-354510046.9
194,0.977997691,2.801822135,0.083629296,2.462017904,0.246027906,0.19038445,0.137914067,335082748,6.37381,1.90216E-08,7,-335082748
195,1.376161066,1.609128093,0.455430244,2.475215668,0.102699134,0.216630664,0.225479781,338225833.2,5.91973,1.75023E-08,7,-338225833.2
196,0.719781949,2.439678359,0.354467587,2.273770203,0.28470754,0.168743256,0.128751374,357935608.7,8.6561,2.41834E-08,7,-357935608.7
197,0.480835699,1.688499782,0.088684513,2.622967026,0.240083514,0.267113922,0.258231238,396373892.9,10.9333,2.75833E-08,7,-396373892.9
198,0.719781949,2.422382808,0.43201484,2.11405177,0.105987393,0.182950091,0.159068405,323756444.2,3.13686,9.68895E-09,7,-323756444.2
199,1.25823598,1.627881618,0.38148001,2.274414186,0.263621196,0.212769163,0.227279197,416572211.4,11.9812,2.87614E-08,7,-416572211.4
200,1.243611032,1.772771802,0.080549759,4.182658313,0.195808613,0.160855391,0.123879278,398294830.5,8.99286,2.25784E-08,7,-398294830.5
201,0.751391546,2.257109633,0.425434041,2.639556785,0.112709528,0.104254693,0.129711335,343439874,4.20889,1.22551E-08,7,-343439874
202,1.110725929,2.958545132,0.446260661,2.56476909,0.104686326,0.180574884,0.113588617,301028231,2.45804,8.16548E-09,7,-301028231
203,0.919824955,1.678007988,0.433831235,2.230274761,0.17305169,0.133117451,0.247764918,391597399.9,7.65103,1.9538E-08,7,-391597399.9
204,0.68029168,2.940452687,0.446260661,2.645145727,0.108081011,0.181147957,0.129654549,300871474,2.52201,8.38235E-09,7,-300871474
205,1.253517278,1.674440564,0.373433385,2.332226883,0.142737622,0.217150242,0.249955683,378345577.8,7.22012,1.90834E-08,7,-378345577.8
206,0.943323416,1.533577343,0.430900486,2.205716159,0.105196405,0.209414419,0.225088778,356649150.7,5.66045,1.58712E-08,7,-356649150.7
207,1.358655331,1.609128093,0.370502641,2.274414186,0.113974108,0.209414419,0.225088778,365245621.2,6.0641,1.66028E-08,7,-365245621.2
208,1.277016688,1.609128093,0.370502641,2.33243302,0.267866188,0.209414419,0.225088778,417110501,12.1546,2.914E-08,7,-417110501
209,1.280969991,1.662353882,0.095181397,4.07789606,0.240258944,0.133840252,0.242539012,250781651.3,5.814859727,5.5337E-09,7,-236258824.5
210,0.480835699,1.76806537,0.08042784,2.187960716,0.177678673,0.270614388,0.258231238,383201256.3,7.90617,2.06319E-08,7,-383201256.3
211,1.114659403,2.257109633,0.425434041,2.559180148,0.104339847,0.104254693,0.129711335,346565913.5,3.93737,1.13611E-08,7,-346565913.5
212,0.865367577,2.317740282,0.446332707,2.538027089,0.10128628,0.145784654,0.168619846,340173064.4,3.72282,1.09439E-08,7,-340173064.4
213,0.68540586,1.591193185,0.366383807,2.286098288,0.274740368,0.207060666,0.170534181,412534974.1,12.0756,2.92717E-08,7,-412534974.1
214,1.274693995,2.320730375,0.451545259,2.429635519,0.148463257,0.145400521,0.223174444,336342949.1,4.89231,1.45456E-08,7,-336342949.1
215,0.719781949,2.439678359,0.43939951,2.542092897,0.105987393,0.1759595,0.129128357,332027966.8,3.52368,1.06126E-08,7,-332027966.8
216,1.394830467,1.647998072,0.08042784,2.155292009,0.242696217,0.270614388,0.258231238,414148581.4,11.2648,2.71999E-08,7,-414148581.4
217,0.719725535,2.439678359,0.43939951,2.543810062,0.106437758,0.176122412,0.129331989,332152304.8,3.54081,1.06602E-08,7,-332152304.8
218,1.089280548,2.825430449,0.446923435,2.390944533,0.129230709,0.170988695,0.14801521,312541279.4,3.26515,1.04471E-08,7,-312541279.4
219,0.882461068,1.732820569,0.410042283,2.283479508,0.241996551,0.270105401,0.135067989,404208964.4,11.1689,2.76315E-08,7,-404208964.4
220,0.498046986,1.661353925,0.08042784,2.177384332,0.212767324,0.159484261,0.258231238,391434394.7,8.64248,2.2079E-08,7,-391434394.7
221,1.243356206,1.772771802,0.080549759,2.578939322,0.150229156,0.160500161,0.148840113,383596930.4,6.64317,1.73181E-08,7,-383596930.4
222,1.479414884,1.76037357,0.230949636,4.176129339,0.198038567,0.171023486,0.263504027,396453185.5,9.75033,2.45939E-08,7,-396453185.5
223,1.089224155,2.05241159,0.446923435,2.446406331,0.127898924,0.17976511,0.15736152,360753728.6,5.59226,1.55016E-08,7,-360753728.6
224,1.12583477,2.823854687,0.228561347,2.8463322,0.14070386,0.170223314,0.256561468,313789467.5,3.71988,1.18547E-08,7,-313789467.5
225,0.730474873,2.850955878,0.089329892,2.645145727,0.102019224,0.269770904,0.256620716,306388009.4,2.6642,8.69551E-09,7,-306388009.4
226,1.466436467,1.647998072,0.438416635,2.201296999,0.255833061,0.181410394,0.137753831,416278291.4,11.567,2.77867E-08,7,-416278291.4
227,0.882461068,1.732820569,0.420311379,2.283479508,0.200320704,0.159198032,0.119224998,393611229.4,8.69007,2.20778E-08,7,-393611229.4
228,0.689268865,2.284754614,0.447427184,2.555308899,0.148463257,0.145200884,0.168619846,350921268.6,5.26038,1.49902E-08,7,-350921268.6
229,0.849577384,1.764679261,0.089154813,3.941287902,0.199213485,0.133840252,0.228182737,386560826.8,7.67474,1.98539E-08,7,-386560826.8
230,1.313824262,1.732820569,0.427230449,2.42272224,0.177146936,0.158998395,0.13368962,390141042.8,8.0577,2.06533E-08,7,-390141042.8
231,1.062804408,2.943894174,0.454200316,2.623794276,0.120646158,0.134330298,0.127794315,305618929.1,2.86537,9.37563E-09,7,-305618929.1
232,1.147450136,2.038855467,0.243040423,2.467964061,0.152459103,0.184539211,0.264067441,369239047.3,6.27891,1.7005E-08,7,-369239047.3
233,1.358655331,1.62513512,0.38421917,2.451391403,0.273726175,0.259967839,0.225088778,419608407.7,13.1157,3.1257E-08,9,-419608407.7
234,0.480835699,1.665739991,0.078448202,2.187960716,0.252711989,0.210177997,0.258231238,400887014.5,10.4943,2.61777E-08,7,-400887014.5
235,1.280969991,1.759318601,0.08031882,3.904838723,0.170049292,0.262079579,0.258096042,349525404.8,10.955,3.13425E-08,7,-349525404.8
236,1.394830467,1.653358734,0.095290416,2.378112469,0.242696217,0.142354231,0.242674209,392599753.1,9.66612,2.46208E-08,7,-392599753.1
237,0.471520365,1.661353925,0.08042784,2.128636433,0.240083514,0.270614388,0.26647924,402918232.8,10.5264,2.61254E-08,7,-402918232.8
238,0.973873458,2.939392385,0.467749242,2.515827204,0.127382152,0.134330298,0.122683436,307004430.1,3.02699,9.85976E-09,7,-307004430.1
239,0.480835699,1.661353925,0.384893473,2.177384332,0.108782078,0.273204702,0.251405183,347362301,5.76545,1.65978E-08,7,-347362301
240,0.719781949,2.439678359,0.135759968,2.542092897,0.238566826,0.172579833,0.135987364,351251776.4,7.29146,2.07585E-08,7,-351251776.4
241,1.243356206,1.779171872,0.080549759,2.544763708,0.149659795,0.209772108,0.164309639,381019784.6,7.1333,1.87216E-08,7,-381019784.6
242,1.358655331,1.614909957,0.370502641,2.30859101,0.113974108,0.160142473,0.225088778,374248100.7,5.73393,1.53212E-08,7,-374248100.7
243,0.865367577,2.317740282,0.446332707,2.537069204,0.10128628,0.103610459,0.168619846,338736904.8,3.52764,1.04141E-08,7,-338736904.8
244,1.114659403,2.257109633,0.425434041,2.560138033,0.100131804,0.146687468,0.129711335,343641460.4,4.02088,1.17008E-08,7,-343641460.4
245,1.381547257,1.723753979,0.42601082,2.528630471,0.152926748,0.1626604,0.145248227,381226672.5,7.29279,1.91298E-08,7,-381226672.5
246,1.114659403,2.257109633,0.230363258,2.555074992,0.105644636,0.104254693,0.276678542,345140923.2,3.79372,1.09918E-08,7,-345140923.2
247,1.354279071,1.772982446,0.267447942,2.274414186,0.157616526,0.211263949,0.225088778,386985458.8,7.36116,1.90218E-08,7,-386985458.8
248,1.247732464,1.552380548,0.080549759,2.780977288,0.267297523,0.158650636,0.148840113,406260401.3,10.8632,2.67395E-08,7,-406260401.3
249,0.721481903,2.424347749,0.43201484,2.11405177,0.10743145,0.146564033,0.159068405,324463371.4,3.18173,9.80613E-09,7,-324463371.4
250,0.687568911,2.298693978,0.447427184,2.539360586,0.147078829,0.18178658,0.168619846,350621286.1,5.31051,1.5146E-08,7,-350621286.1
251,0.780728642,2.947487854,0.38111312,2.827843321,0.105987393,0.182950091,0.159068405,299585370.4,2.51732,8.40268E-09,7,-299585370.4
252,0.730474873,2.430892392,0.446369423,2.148340911,0.104686326,0.180574884,0.127421461,322802641.9,3.08548,9.55841E-09,7,-322802641.9
253,1.114659403,2.257109633,0.425434041,2.328513297,0.105987393,0.104254693,0.129711335,328567491.3,3.45722,1.05221E-08,7,-328567491.3
254,0.865367577,2.320694686,0.446332707,2.537069204,0.10128628,0.103610459,0.168619846,338352961.6,3.51657,1.03932E-08,7,-338352961.6
255,1.243355585,1.717256498,0.080549759,4.171289346,0.196171199,0.160855391,0.123879278,400914045.5,9.13635,2.27888E-08,7,-400914045.5
256,1.243611654,1.772771802,0.080549759,2.53968595,0.149866574,0.160500161,0.148840113,383400635.6,6.59867,1.72109E-08,7,-383400635.6
257,0.865367577,2.317740282,0.458491292,2.538027089,0.10128628,0.145784654,0.168619846,340179958,3.72395,1.0947E-08,7,-340179958
258,1.246898651,1.772771802,0.071527977,4.182658313,0.195808613,0.174368873,0.123879278,398078205.5,9.55117,2.39932E-08,7,-398078205.5
259,1.479414884,1.76037357,0.070843845,2.629001102,0.1537804,0.178536311,0.29358605,386721317.7,7.16583,1.85297E-08,7,-386721317.7
260,0.730474873,2.850955878,0.250258568,2.645145727,0.101715532,0.269770904,0.256620716,306336270.5,2.65717,8.67403E-09,7,-306336270.5
261,1.358655331,1.62513512,0.38421917,2.451391403,0.269936232,0.264224476,0.226649975,418917572.7,13.0355,3.11171E-08,7,-418917572.7
262,0.721481903,2.424347749,0.43201484,2.11405177,0.10743145,0.146564033,0.157507246,324437877.1,3.18148,9.80613E-09,7,-324437877.1
263,0.471520365,1.625684247,0.084108111,2.447870694,0.274197932,0.259470965,0.264964332,408369510.8,12.0781,2.95764E-08,7,-408369510.8
264,1.358655331,1.660804799,0.379044854,2.133394298,0.239611715,0.271111262,0.203498766,414872798.4,11.4692,2.76451E-08,7,-414872798.4
265,0.714879226,2.9659802,0.428716775,2.645145727,0.10464749,0.267129142,0.256620716,298782404.5,2.44283,8.17595E-09,7,-298782404.5
266,0.730474873,2.843482704,0.107304964,2.645145727,0.102058062,0.180574884,0.127421461,302563798.6,2.50095,8.26586E-09,7,-302563798.6
267,0.721481903,2.999138873,0.423335866,2.11405177,0.107396185,0.184717743,0.159068405,299099298.1,2.43742,8.1492E-09,7,-299099298.1
268,0.730474873,2.272709715,0.446260661,2.645145727,0.104721591,0.142421183,0.127421461,338278032,4.13917,1.2236E-08,7,-338278032
269,0.697596347,2.281886422,0.11284871,2.128636433,0.240083514,0.277968988,0.26647924,358144544.4,7.78112,2.17262E-08,7,-358144544.4
270,0.463192884,1.664365108,0.406752479,2.555308899,0.148463257,0.137618983,0.168619846,370898582.3,6.60333,1.78036E-08,7,-370898582.3
271,1.09462078,2.257251688,0.42529421,2.559180148,0.105987393,0.109943194,0.122940163,346988983.2,4.01265,1.15642E-08,7,-346988983.2
272,1.48003276,1.648034829,0.438556466,2.139903301,0.255833061,0.176240811,0.137753831,414446345.2,11.4594,2.76499E-08,7,-414446345.2
273,1.23810709,1.781360765,0.080549759,2.578939322,0.150229156,0.16051185,0.148840113,383025964.8,6.61911,1.72811E-08,7,-383025964.8
274,1.471027391,1.639409145,0.438416635,2.17937354,0.255833061,0.181398705,0.137753831,416884532,11.5926,2.78077E-08,7,-416884532
275,0.657649283,2.255489343,0.447427184,2.539360586,0.108054519,0.105472498,0.273963559,344443467.9,3.91894,1.13776E-08,7,-344443467.9
276,1.114659403,2.257109633,0.230363258,2.510794132,0.173713763,0.149117263,0.17128983,359271556.3,6.10291,1.69869E-08,7,-359271556.3
277,1.358655331,1.614909957,0.370502641,2.30859101,0.113974108,0.160142473,0.225088778,374248100.7,5.73393,1.53212E-08,7,-374248100.7
278,1.479414884,1.76037357,0.230949636,2.629001102,0.183357652,0.170430895,0.29358605,390986538.7,8.16462,2.08821E-08,7,-390986538.7
279,0.689268865,2.284754614,0.447427184,2.555308899,0.148463257,0.145200884,0.168619846,350921268.6,5.26038,1.49902E-08,7,-350921268.6
280,1.277016688,1.609429497,0.370502641,2.33243302,0.267866188,0.205998673,0.225088778,416833860.4,12.1124,2.90581E-08,7,-416833860.4
281,0.689588156,2.300658919,0.447673473,2.539360586,0.146939737,0.145148272,0.168219488,348893868.8,5.10662,1.46366E-08,7,-348893868.8
282,0.730155582,2.958545132,0.446014372,2.645145727,0.106322471,0.180827133,0.127821903,299928084.7,2.46064,8.2041E-09,7,-299928084.7
283,0.719928655,2.958545132,0.449440524,2.645145727,0.104686326,0.180574884,0.16754556,299492109.4,2.42063,8.08245E-09,7,-299492109.4
284,0.875913795,2.320694686,0.446332707,2.537069204,0.10128628,0.103610459,0.128495828,338221033.6,3.51574,1.03948E-08,7,-338221033.6
285,1.358655331,1.600102732,0.425168422,2.289883831,0.113158327,0.160142473,0.225154708,371855601.1,5.77462,1.55292E-08,7,-371855601.1
286,1.114659403,2.273170852,0.370768259,2.577888448,0.105987393,0.104254693,0.129656189,345315094.5,3.93048,1.13823E-08,7,-345315094.5
287,0.919824955,1.735730354,0.433831235,2.114478208,0.176039717,0.131983255,0.249955683,393256783.7,7.58262,1.92816E-08,7,-393256783.7
288,0.721481903,2.38680965,0.43201484,2.230096753,0.103797998,0.146564033,0.159068405,324250570.6,3.11431,9.60464E-09,7,-324250570.6
289,0.730910197,2.430892392,0.470369289,2.148340911,0.104686326,0.180574884,0.113628636,323112590.7,3.08842,9.55834E-09,7,-323112590.7
290,0.864932253,2.320694686,0.446367051,2.537069204,0.10128628,0.103610459,0.168619846,338372350.4,3.51667,1.03929E-08,7,-338372350.4
291,1.361738449,1.60305991,0.101938225,4.171289346,0.196171199,0.248124486,0.123879278,386356062.2,12.8684,3.33071E-08,7,-386356062.2
292,1.308671724,1.627065127,0.36363832,2.451391403,0.273726175,0.172696454,0.225088778,411509672.2,11.7979,2.86698E-08,7,-411509672.2
293,0.919824955,2.279562117,0.433831235,2.230274761,0.175006527,0.145990976,0.180390347,346414396.5,5.63831,1.62762E-08,7,-346414396.5
294,0.689268865,1.67972754,0.46996139,2.555308899,0.149496447,0.131193163,0.238185015,373238340.7,6.76334,1.81207E-08,7,-373238340.7
295,1.397569301,1.763746145,0.370502641,2.23883852,0.113974108,0.16015191,0.22437047,373510365.8,5.43917,1.45623E-08,7,-373510365.8
296,1.204439157,1.623935776,0.085901017,2.588107063,0.156396017,0.160490724,0.149558606,392828904.4,7.21391,1.8364E-08,7,-392828904.4
297,0.442712083,1.661353925,0.080550499,2.142962409,0.240083514,0.270614388,0.26647924,402140631.9,10.5202,2.61605E-08,7,-402140631.9
298,1.334594312,1.772771802,0.080427099,2.3955169,0.149866574,0.160500161,0.164526198,385323255.7,6.54591,1.69881E-08,7,-385323255.7
299,0.689268865,2.300658919,0.414657649,2.539360586,0.148463257,0.145400521,0.168619846,349300175.5,5.15347,1.47537E-08,7,-349300175.5
300,0.471520365,1.661353925,0.078402514,2.128636433,0.240083514,0.270614388,0.26647924,402861834.9,10.524,2.61231E-08,7,-402861834.9
301,1.241621166,1.654407736,0.066843475,2.155292009,0.148740667,0.1594251,0.258285952,392506906.7,6.60648,1.68315E-08,7,-392506906.7
302,1.396565126,1.694007114,0.080549759,2.578939322,0.244185365,0.291193053,0.148782717,410204647.2,11.9886,2.92259E-08,7,-410204647.2
303,0.690312701,2.451598526,0.471101424,2.555308899,0.108366129,0.143793783,0.166620781,329857056.6,3.44064,1.04307E-08,7,-329857056.6
304,0.729431037,2.325108571,0.446432858,2.148340911,0.144884714,0.181981987,0.129420603,337438897.9,4.52158,1.33997E-08,7,-337438897.9
305,1.248157506,2.401079659,0.43201484,2.11405177,0.10743145,0.161358207,0.159068405,326206745.2,3.27019,1.00249E-08,7,-326206745.2
306,0.685467598,1.732510073,0.069017505,4.171289346,0.196171199,0.146061216,0.123879278,393553197.6,8.23392,2.0922E-08,7,-393553197.6
307,1.116139759,2.257109633,0.425434041,2.559180148,0.103266316,0.104254693,0.129711335,346357862.6,3.9047,1.12736E-08,7,-346357862.6
308,1.312095281,1.609128093,0.370502641,2.33243302,0.276425993,0.209414419,0.225088778,418646357.4,12.4891,2.98321E-08,7,-418646357.4
309,0.927486568,2.517049085,0.470369289,2.111494868,0.173043273,0.180574884,0.113628636,335395348.5,5.05746,1.50791E-08,7,-335395348.5
310,0.723248583,1.650984473,0.433831235,2.119478639,0.108089323,0.131983255,0.245156572,374643169.5,5.05536,1.34938E-08,7,-374643169.5
311,1.419051992,1.759157818,0.378928706,2.173878124,0.113269298,0.158535864,0.226032846,375865369.2,5.3804,1.43147E-08,7,-375865369.2
312,0.805074673,2.293540358,0.437940903,2.537069204,0.102025774,0.122595043,0.156924491,341554823.8,3.70283,1.08411E-08,7,-341554823.8
313,1.116131237,2.401079659,0.43201484,2.11405177,0.10743145,0.161358207,0.130000139,326481886.9,3.25587,9.97259E-09,7,-326481886.9
314,1.236687738,2.257109633,0.425434041,2.559180148,0.105987393,0.104254693,0.158779605,347643359.4,4.02425,1.15758E-08,7,-347643359.4
315,1.358655331,1.614909957,0.370502641,2.30859101,0.113974108,0.160142473,0.225088778,374248100.7,5.73393,1.53212E-08,7,-374248100.7
316,1.358655331,1.609128093,0.370502641,2.274414186,0.274740368,0.209414419,0.225088778,419541972.4,12.4536,2.96838E-08,7,-419541972.4
317,1.397569301,2.895782246,0.101245223,2.229366787,0.102215806,0.16015191,0.22437047,303914046.4,2.50334,8.237E-09,7,-303914046.4
318,0.730474873,1.712589825,0.358977876,2.943830403,0.113788343,0.269770904,0.256620716,316540405.7,7.13251,2.25327E-08,7,-316540405.7
319,1.114659403,2.440005905,0.432791116,2.5962628,0.105987393,0.159767962,0.129711335,332649900.8,3.67322,1.10423E-08,7,-332649900.8
320,1.248157506,2.218183387,0.424657765,2.105055911,0.10743145,0.106124942,0.161331001,333790158.4,3.50967,1.05146E-08,7,-333790158.4
321,1.19815041,1.552380548,0.080549759,2.79285024,0.267297523,0.158650636,0.148840113,406392454.6,10.8495,2.66971E-08,7,-406392454.6
322,1.277016688,1.609128093,0.410816529,2.33243302,0.267866188,0.209414419,0.225088778,417692192.4,12.2596,2.93508E-08,7,-417692192.4
323,0.457388835,2.276493761,0.230363258,2.555074992,0.105768332,0.104254693,0.288026237,336842643,3.62665,1.07666E-08,7,-336842643
324,1.128792345,1.642337338,0.078402514,2.128636433,0.240083514,0.270814098,0.26647924,413029052.2,11.0166,2.66727E-08,7,-413029052.2
325,1.243355585,1.717256498,0.066060012,4.171289346,0.196171199,0.162162742,0.123879278,401066083.2,9.18317,2.28969E-08,7,-401066083.2
326,1.358655331,1.62513512,0.405956331,2.451391403,0.273726175,0.261809991,0.225088778,419674895,13.1929,3.1436E-08,9,-419674895
327,0.685467598,1.732510073,0.069017505,4.171289346,0.196171199,0.140724967,0.123879278,392944103.4,8.00769,2.03787E-08,7,-392944103.4
328,1.358655331,1.62513512,0.38421917,2.451391403,0.273726175,0.259967839,0.225088778,419608407.7,13.1157,3.1257E-08,7,-419608407.7
329,1.38955771,1.615787568,0.378107198,2.155292009,0.150250532,0.160146259,0.258298607,394289072.6,7.14507,1.81214E-08,7,-394289072.6
330,1.358655331,1.653530125,0.063837507,2.30859101,0.112469453,0.183936262,0.225076122,378345832,5.57992,1.47482E-08,7,-378345832
331,1.081839929,1.651418406,0.080549759,2.158181798,0.267297523,0.158650636,0.245815261,402569147.9,10.8432,2.6935E-08,7,-402569147.9
332,1.394830467,1.548962442,0.074842572,2.92004464,0.242696217,0.270614388,0.161254065,415709507.5,12.7146,3.05853E-08,7,-415709507.5
333,0.685312106,2.949141297,0.465935263,4.171289346,0.114227599,0.146061216,0.123624237,258595962.6,4.13632,1.59953E-08,7,-258595962.6
334,0.720084148,1.726682977,0.060848979,2.645145727,0.187252434,0.180574884,0.167800978,386149612.5,8.02639,2.07857E-08,7,-386149612.5
335,0.727750106,2.958545132,0.449440524,2.645145727,0.104686326,0.180574884,0.16754556,299487255.6,2.42104,8.08395E-09,7,-299487255.6
336,1.241621166,1.654407736,0.066843475,2.155292009,0.153119077,0.1594251,0.258285952,393090309.2,6.7676,1.72164E-08,7,-393090309.2
337,0.864932253,2.320694686,0.446367051,2.513421691,0.10128628,0.126188525,0.156667542,338800422.1,3.56374,1.05187E-08,7,-338800422.1
338,0.805074673,2.293540358,0.437940903,2.537069204,0.102025774,0.100800024,0.168876794,341035141.1,3.60822,1.05802E-08,7,-341035141.1
339,0.814075113,2.289808074,0.453632052,2.537069204,0.102025774,0.260363449,0.259607739,332151298.5,4.45478,1.34119E-08,7,-332151298.5
340,0.953239666,2.77010953,0.076061661,2.645145727,0.102019224,0.132091285,0.15393215,305571948.7,2.60446,8.52323E-09,7,-305571948.7
341,1.228535396,1.650984473,0.425318214,2.119478639,0.114100292,0.143456328,0.245156572,379904322.8,5.48749,1.44444E-08,7,-379904322.8
342,0.842182632,2.257109633,0.433947062,2.548895946,0.105987393,0.104254693,0.158779605,345517625.9,3.9039,1.12987E-08,7,-345517625.9
343,1.095039953,2.401079659,0.431458363,2.663761716,0.107405204,0.161358207,0.130000139,337144406.9,4.04017,1.19835E-08,7,-337144406.9
344,0.719928655,2.958545132,0.449997001,2.111688159,0.140349445,0.180574884,0.16754556,308728610,3.2908,1.06592E-08,7,-308728610
345,1.389268128,1.571016764,0.378107198,2.155292009,0.150250532,0.160146259,0.257757014,395761149.6,7.23487,1.82809E-08,7,-395761149.6
346,1.358944913,1.615864159,0.370502641,2.274414186,0.274740368,0.209414419,0.225630371,419315131.3,12.4337,2.96524E-08,7,-419315131.3
347,0.856245667,1.768385738,0.080549759,4.158464687,0.193994207,0.160855391,0.122407634,391777600.6,8.74667,2.23256E-08,7,-391777600.6
348,1.236687738,2.257109633,0.425434041,2.504941647,0.10320986,0.104254693,0.158779605,344257988.8,3.81369,1.1078E-08,7,-344257988.8
349,1.243355585,1.719797153,0.066060012,4.041698299,0.196171199,0.162162742,0.127622271,396945825.4,9.0146,2.27099E-08,7,-396945825.4
350,1.128792345,1.639796684,0.078402514,2.258264296,0.240083514,0.270814098,0.262821219,412527340.4,11.1844,2.71119E-08,7,-412527340.4
351,1.351565147,1.625592102,0.433831235,2.119478639,0.108089323,0.131983255,0.245156572,378930729.3,5.26187,1.38861E-08,7,-378930729.3
352,0.730091304,1.650527491,0.405956331,2.451391403,0.273726175,0.261809991,0.225088778,410543831.9,12.6319,3.07687E-08,7,-410543831.9
353,0.295044637,1.661496383,0.099088204,2.451391403,0.273995653,0.261809991,0.225088778,402256368.4,11.8197,2.93835E-08,7,-402256368.4
354,1.479215672,1.624992663,0.386401916,2.128636433,0.238889281,0.261847584,0.26647924,417154873.5,11.5851,2.77717E-08,7,-417154873.5
355,0.730910197,2.430892392,0.470369289,2.148340911,0.195513489,0.185060514,0.113628636,342698728.6,5.90583,1.72333E-08,7,-342698728.6
356,1.243355585,1.717256498,0.066060012,4.171289346,0.106106197,0.16289787,0.123879278,321152083.4,6.72698,2.09464E-08,7,-321152083.4
357,0.730474873,2.841720824,0.455129973,2.645145727,0.101624574,0.269426592,0.256620716,307075358.2,2.68086,8.7303E-09,7,-307075358.2
358,0.719928655,2.967724776,0.084384658,2.645145727,0.104686326,0.180912431,0.16754556,299217731.4,2.40975,8.0535E-09,7,-299217731.4
359,1.358655331,1.653510095,0.063821756,2.306877255,0.112469453,0.159899397,0.225076122,382170861.7,5.38559,1.40921E-08,7,-382170861.7
360,1.241621166,1.774421144,0.060266681,2.157014432,0.148740667,0.160939074,0.258285952,385214824.2,6.31552,1.63948E-08,7,-385214824.2
361,1.358655331,1.638683435,0.446789191,2.314585702,0.11210221,0.168927064,0.225076122,366830774.3,5.77454,1.57417E-08,7,-366830774.3
362,1.116131237,2.416775902,0.055532644,2.110660391,0.107798693,0.200739567,0.130000139,324460042.2,3.2423,9.99291E-09,7,-324460042.2
363,1.471027391,1.639409145,0.385372313,2.17937354,0.255833061,0.260301361,0.128054383,419321629.1,12.2192,2.91404E-08,7,-419321629.1
364,1.358655331,1.62513512,0.38421917,2.451391403,0.273726175,0.185816123,0.233447019,414007408.4,12.0708,2.9156E-08,7,-414007408.4
365,1.308475505,1.768385738,0.080549759,2.581283923,0.10465768,0.160855391,0.122407634,366961218.9,5.07467,1.38289E-08,7,-366961218.9
366,0.654886536,2.981880458,0.084384658,4.163816148,0.194954284,0.185448044,0.16754556,328037098.4,5.70509,1.73916E-08,7,-328037098.4
367,1.309806062,1.753974079,0.050391437,2.145817398,0.150250532,0.160146259,0.257757014,386785148.8,6.42454,1.66101E-08,7,-386785148.8
368,1.241621166,1.591474733,0.451859865,2.157014432,0.148740667,0.160939074,0.258285952,392221078.3,7.20012,1.83573E-08,7,-392221078.3
369,1.24120579,2.266003151,0.05804612,2.157014432,0.151663185,0.160939074,0.259269181,341725697.1,4.9351,1.44417E-08,7,-341725697.1
370,1.198709387,1.779342285,0.440574528,2.559180148,0.103531351,0.104254693,0.157792803,359315112.7,4.78676,1.33219E-08,7,-359315112.7
371,0.730801209,1.784294612,0.074199332,2.148340911,0.104686326,0.180358872,0.122213034,369163728.2,4.61702,1.25067E-08,7,-369163728.2
372,1.243714294,2.343914895,0.476546671,4.146694606,0.193994207,0.161071402,0.113823236,345110677.2,7.86559,2.27915E-08,7,-345110677.2
373,1.272771206,2.414239764,0.118818034,2.112506782,0.193110403,0.180954159,0.122978941,344987288.8,5.98446,1.73469E-08,7,-344987288.8
374,0.730910197,1.733991501,0.419321245,4.190814068,0.108468659,0.17763057,0.114528973,269349620.4,6.6768,2.47886E-08,7,-269349620.4
375,0.723248583,1.651719868,0.433831235,2.119478639,0.106582396,0.131983255,0.245156572,373926621.6,4.99293,1.33527E-08,7,-373926621.6
376,0.471520365,1.66061853,0.078402514,2.128636433,0.240083514,0.251655167,0.268632467,402182388.1,10.3679,2.57791E-08,7,-402182388.1
377,1.387245774,1.517442876,0.409314643,2.155292009,0.15431706,0.160146259,0.231666946,398237936.6,7.55314,1.89664E-08,7,-398237936.6
378,1.360677686,1.653510095,0.063821756,2.372951596,0.111839297,0.159899397,0.257705668,380548936.9,5.41426,1.42275E-08,7,-380548936.9
379,1.243355585,1.696009738,0.462471947,4.171289346,0.195178693,0.16162193,0.256923019,381555861.2,9.82079,2.57388E-08,7,-381555861.2
380,0.730474873,2.841720824,0.063936747,2.645145727,0.104362188,0.269946837,0.123676747,307434909.6,2.73792,8.90569E-09,7,-307434909.6
381,1.39910425,1.609128093,0.370502641,2.274414186,0.274740368,0.227015599,0.225088778,421083565.2,12.6811,3.01154E-08,9,-421083565.2
382,0.723248583,1.650984473,0.433831235,2.119478639,0.108089323,0.1613692,0.245156572,371570447.4,5.20429,1.40062E-08,7,-371570447.4
383,1.251872449,1.654407736,0.06833235,2.117489338,0.22508801,0.1594251,0.258704027,398077710.3,9.3354,2.34512E-08,7,-398077710.3
384,1.468092787,1.624992663,0.387622003,2.155169314,0.150291592,0.261847584,0.257793431,383420231.9,7.90532,2.06179E-08,7,-383420231.9
385,1.358655331,1.648047348,0.098120369,2.431297828,0.272840638,0.261809991,0.225088778,418311909.4,12.5581,3.00209E-08,7,-418311909.4
386,1.394830467,1.625085844,0.389264459,2.175564092,0.243581742,0.268557581,0.258231238,416952627.9,11.8347,2.83838E-08,7,-416952627.9
387,1.307106326,1.625251113,0.372221364,2.306877255,0.271626834,0.159899397,0.225076122,412789794.7,11.6945,2.83304E-08,7,-412789794.7
388,1.358655331,1.674576136,0.100460874,2.314513784,0.141008587,0.261809991,0.225088778,379269966.8,7.34919,1.93772E-08,7,-379269966.8
389,0.495932172,1.661353925,0.08042784,2.155268208,0.240083514,0.270614388,0.247285289,402916472.8,10.5631,2.62166E-08,7,-402916472.8
390,1.217161252,1.654407736,0.066843475,2.171398377,0.148740667,0.1594251,0.261745761,392399660.4,6.61009,1.68453E-08,7,-392399660.4
391,0.754202805,2.967724776,0.393041497,2.607936352,0.110490212,0.180912431,0.16754556,301032836.2,2.55321,8.4815E-09,7,-301032836.2
392,1.429101427,1.639409145,0.07840444,2.216939344,0.24333726,0.260301361,0.128054383,414100180.1,11.2904,2.72649E-08,7,-414100180.1
393,1.471027391,1.73326224,0.467242637,2.17937354,0.257675915,0.171382696,0.24338708,405599190.5,11.144,2.74754E-08,7,-405599190.5
394,1.241621166,1.646870212,0.070224916,2.157014432,0.146895278,0.249855215,0.142987955,388772721.7,7.2697,1.86991E-08,7,-388772721.7
395,1.399475061,1.609128093,0.370502641,2.212123726,0.271566756,0.231393889,0.131266708,421569415.7,12.5841,2.98506E-08,9,-421569415.7
396,1.243239804,1.772771802,0.080549759,4.179248132,0.198975074,0.160855391,0.217729334,399758648.1,9.06013,2.2664E-08,7,-399758648.1
397,0.730910197,1.528619253,0.470369289,2.148351518,0.106161741,0.160905222,0.113628636,367626391.5,5.37297,1.46153E-08,7,-367626391.5
398,1.387245774,2.437111576,0.409314643,2.155281403,0.153006667,0.179815921,0.231666946,334803254.5,4.67459,1.39622E-08,7,-334803254.5
399,1.133408563,1.642337338,0.078402514,2.128636433,0.24808525,0.270814098,0.26844068,414547011.9,11.3253,2.73197E-08,7,-414547011.9
400,0.466904123,1.732340088,0.078402514,2.112292343,0.240083514,0.251655167,0.266671027,398013252.9,10.0728,2.53077E-08,7,-398013252.9
401,1.122813189,1.609128093,0.372487616,2.274414186,0.275624994,0.226880148,0.225088778,418969085.9,12.5498,2.9954E-08,7,-418969085.9
402,1.475658778,1.665359354,0.077608239,2.128636433,0.239198785,0.270949446,0.26647924,411761636,11.046,2.68262E-08,7,-411761636
403,0.471520365,1.713984974,0.083942666,2.128636433,0.240083514,0.270614388,0.26647924,399886794.5,10.3146,2.57938E-08,7,-399886794.5
404,0.643242763,2.967724776,0.080869832,2.645145727,0.104686326,0.180912431,0.16754556,298997921.7,2.40403,8.04029E-09,7,-298997921.7
405,1.236687738,2.257109633,0.428043518,2.559180148,0.105901446,0.104254693,0.124469088,347539113.1,4.02068,1.1569E-08,7,-347539113.1
406,0.678784264,2.841720824,0.065607493,2.645145727,0.104448136,0.269801071,0.139112364,307376339.1,2.73209,8.88842E-09,7,-307376339.1
407,0.730910197,1.633120356,0.470369289,2.148340911,0.104686326,0.180574884,0.113628636,363936414.2,5.25193,1.44309E-08,7,-363936414.2
408,1.219297228,2.410930476,0.066843475,2.155292009,0.148740667,0.1594251,0.258285952,335764834,4.56432,1.35938E-08,7,-335764834
409,0.723248583,1.75580052,0.433831235,2.158740326,0.112990535,0.165187715,0.245156572,371605156.9,5.24595,1.4117E-08,7,-371605156.9
410,1.309806062,1.706451412,0.053342451,2.145817398,0.164020793,0.131804243,0.257757014,386132863.7,6.77501,1.75458E-08,7,-386132863.7
411,1.467930305,1.624992663,0.41439186,2.130082456,0.238889281,0.180153269,0.275575196,414961172.2,10.9063,2.62827E-08,7,-414961172.2
412,0.731278521,1.784294612,0.074199332,2.146894889,0.104686326,0.262051755,0.122213034,358933504.8,5.07995,1.41529E-08,7,-358933504.8
413,0.719733065,2.986274407,0.074199332,2.172953158,0.104686326,0.180358872,0.122213034,298604620.9,2.38669,7.99281E-09,7,-298604620.9
414,0.7309968,1.804658511,0.084384658,2.622030466,0.104686326,0.180912431,0.16754556,353671557.4,5.02829,1.42174E-08,7,-353671557.4
415,1.236687738,2.257109633,0.425434041,2.559180148,0.105987393,0.104254693,0.158779605,347643359.4,4.02425,1.15758E-08,7,-347643359.4
416,1.210177314,2.257109633,0.230363258,2.555074992,0.105644636,0.104254693,0.276678542,346135359.9,3.8168,1.10269E-08,7,-346135359.9
417,0.897545757,2.39854089,0.44618514,2.12242336,0.10128628,0.103610459,0.168619846,325016426.9,3.04204,9.35965E-09,7,-325016426.9
418,1.113908791,2.323233455,0.432196751,2.533990241,0.10743145,0.161358207,0.130000139,342163837,4.03069,1.178E-08,7,-342163837
419,1.241621166,1.774421144,0.060266681,2.157014432,0.150886001,0.160939074,0.115672544,385433230.1,6.38474,1.65651E-08,7,-385433230.1
420,1.243355585,1.717256498,0.085220255,4.102975998,0.194025869,0.162162742,0.267174464,398816606.9,9.10267,2.28242E-08,7,-398816606.9
